Rank,Game_Name,Platform,Year,Genre,Publisher,North_America_Sales,Europe_Sales,Japan_Sales,Other_Sales,Global_Sales
1,Wii Sports,Wii,2006,Sports,Nintendo,41.49 Million,29.02 Million,3.77 Million,8.46 Million,82.74 Million
2,Super Mario Bros.,NES,1985,Platform,Nintendo,29.08 Million,3.58 Million,6.81 Million,0.77 Million,40.24 Million
3,Mario Kart Wii,Wii,2008,Racing,Nintendo,15.85 Million,12.88 Million,3.79 Million,3.31 Million,35.82 Million
4,Wii Sports Resort,Wii,2009,Sports,Nintendo,15.75 Million,11.01 Million,3.28 Million,2.96 Million,33.0 Million
5,Pokemon Red/Pokemon Blue,GB,1996,Role-Playing,Nintendo,11.27 Million,8.89 Million,10.22 Million,1.0 Million,31.37 Million
6,Tetris,GB,1989,Puzzle,Nintendo,23.2 Million,2.26 Million,4.22 Million,0.58 Million,30.26 Million
7,New Super Mario Bros.,DS,2006,Platform,Nintendo,11.38 Million,9.23 Million,6.5 Million,2.9 Million,30.01 Million
8,Wii Play,Wii,2006,Misc,Nintendo,14.03 Million,9.2 Million,2.93 Million,2.85 Million,29.02 Million
9,New Super Mario Bros. Wii,Wii,2009,Platform,Nintendo,14.59 Million,7.06 Million,4.7 Million,2.26 Million,28.62 Million
10,Duck Hunt,NES,1984,Shooter,Nintendo,26.93 Million,0.63 Million,0.28 Million,0.47 Million,28.31 Million
11,Nintendogs,DS,2005,Simulation,Nintendo,9.07 Million,11.0 Million,1.93 Million,2.75 Million,24.76 Million
12,Mario Kart DS,DS,2005,Racing,Nintendo,9.81 Million,7.57 Million,4.13 Million,1.92 Million,23.42 Million
13,Pokemon Gold/Pokemon Silver,GB,1999,Role-Playing,Nintendo,9.0 Million,6.18 Million,7.2 Million,0.71 Million,23.1 Million
14,Wii Fit,Wii,2007,Sports,Nintendo,8.94 Million,8.03 Million,3.6 Million,2.15 Million,22.72 Million
15,Wii Fit Plus,Wii,2009,Sports,Nintendo,9.09 Million,8.59 Million,2.53 Million,1.79 Million,22.0 Million
16,Kinect Adventures!,X360,2010,Misc,Microsoft Game Studios,14.97 Million,4.94 Million,0.24 Million,1.67 Million,21.82 Million
17,Grand Theft Auto V,PS3,2013,Action,Take-Two Interactive,7.01 Million,9.27 Million,0.97 Million,4.14 Million,21.4 Million
18,Grand Theft Auto: San Andreas,PS2,2004,Action,Take-Two Interactive,9.43 Million,0.4 Million,0.41 Million,10.57 Million,20.81 Million
19,Super Mario World,SNES,1990,Platform,Nintendo,12.78 Million,3.75 Million,3.54 Million,0.55 Million,20.61 Million
20,Brain Age: Train Your Brain in Minutes a Day,DS,2005,Misc,Nintendo,4.75 Million,9.26 Million,4.16 Million,2.05 Million,20.22 Million
21,Pokemon Diamond/Pokemon Pearl,DS,2006,Role-Playing,Nintendo,6.42 Million,4.52 Million,6.04 Million,1.37 Million,18.36 Million
22,Super Mario Land,GB,1989,Platform,Nintendo,10.83 Million,2.71 Million,4.18 Million,0.42 Million,18.14 Million
23,Super Mario Bros. 3,NES,1988,Platform,Nintendo,9.54 Million,3.44 Million,3.84 Million,0.46 Million,17.28 Million
24,Grand Theft Auto V,X360,2013,Action,Take-Two Interactive,9.63 Million,5.31 Million,0.06 Million,1.38 Million,16.38 Million
25,Grand Theft Auto: Vice City,PS2,2002,Action,Take-Two Interactive,8.41 Million,5.49 Million,0.47 Million,1.78 Million,16.15 Million
26,Pokemon Ruby/Pokemon Sapphire,GBA,2002,Role-Playing,Nintendo,6.06 Million,3.9 Million,5.38 Million,0.5 Million,15.85 Million
27,Pokemon Black/Pokemon White,DS,2010,Role-Playing,Nintendo,5.57 Million,3.28 Million,5.65 Million,0.82 Million,15.32 Million
28,Brain Age 2: More Training in Minutes a Day,DS,2005,Puzzle,Nintendo,3.44 Million,5.36 Million,5.32 Million,1.18 Million,15.3 Million
29,Gran Turismo 3: A-Spec,PS2,2001,Racing,Sony Computer Entertainment,6.85 Million,5.09 Million,1.87 Million,1.16 Million,14.98 Million
30,Call of Duty: Modern Warfare 3,X360,2011,Shooter,Activision,9.03 Million,4.28 Million,0.13 Million,1.32 Million,14.76 Million
31,Pokémon Yellow: Special Pikachu Edition,GB,1998,Role-Playing,Nintendo,5.89 Million,5.04 Million,3.12 Million,0.59 Million,14.64 Million
32,Call of Duty: Black Ops,X360,2010,Shooter,Activision,9.67 Million,3.73 Million,0.11 Million,1.13 Million,14.64 Million
33,Pokemon X/Pokemon Y,3DS,2013,Role-Playing,Nintendo,5.17 Million,4.05 Million,4.34 Million,0.79 Million,14.35 Million
34,Call of Duty: Black Ops 3,PS4,2015,Shooter,Activision,5.77 Million,5.81 Million,0.35 Million,2.31 Million,14.24 Million
35,Call of Duty: Black Ops II,PS3,2012,Shooter,Activision,4.99 Million,5.88 Million,0.65 Million,2.52 Million,14.03 Million
36,Call of Duty: Black Ops II,X360,2012,Shooter,Activision,8.25 Million,4.3 Million,0.07 Million,1.12 Million,13.73 Million
37,Call of Duty: Modern Warfare 2,X360,2009,Shooter,Activision,8.52 Million,3.63 Million,0.08 Million,1.29 Million,13.51 Million
38,Call of Duty: Modern Warfare 3,PS3,2011,Shooter,Activision,5.54 Million,5.82 Million,0.49 Million,1.62 Million,13.46 Million
39,Grand Theft Auto III,PS2,2001,Action,Take-Two Interactive,6.99 Million,4.51 Million,0.3 Million,1.3 Million,13.1 Million
40,Super Smash Bros. Brawl,Wii,2008,Fighting,Nintendo,6.75 Million,2.61 Million,2.66 Million,1.02 Million,13.04 Million
41,Call of Duty: Black Ops,PS3,2010,Shooter,Activision,5.98 Million,4.44 Million,0.48 Million,1.83 Million,12.73 Million
42,Animal Crossing: Wild World,DS,2005,Simulation,Nintendo,2.55 Million,3.52 Million,5.33 Million,0.88 Million,12.27 Million
43,Mario Kart 7,3DS,2011,Racing,Nintendo,4.74 Million,3.91 Million,2.67 Million,0.89 Million,12.21 Million
44,Halo 3,X360,2007,Shooter,Microsoft Game Studios,7.97 Million,2.83 Million,0.13 Million,1.21 Million,12.14 Million
45,Grand Theft Auto V,PS4,2014,Action,Take-Two Interactive,3.8 Million,5.81 Million,0.36 Million,2.02 Million,11.98 Million
46,Pokemon HeartGold/Pokemon SoulSilver,DS,2009,Action,Nintendo,4.4 Million,2.77 Million,3.96 Million,0.77 Million,11.9 Million
47,Super Mario 64,N64,1996,Platform,Nintendo,6.91 Million,2.85 Million,1.91 Million,0.23 Million,11.89 Million
48,Gran Turismo 4,PS2,2004,Racing,Sony Computer Entertainment,3.01 Million,0.01 Million,1.1 Million,7.53 Million,11.66 Million
49,Super Mario Galaxy,Wii,2007,Platform,Nintendo,6.16 Million,3.4 Million,1.2 Million,0.76 Million,11.52 Million
50,Pokemon Omega Ruby/Pokemon Alpha Sapphire,3DS,2014,Role-Playing,Nintendo,4.23 Million,3.37 Million,3.08 Million,0.65 Million,11.33 Million
51,Super Mario Land 2: 6 Golden Coins,GB,1992,Adventure,Nintendo,6.16 Million,2.04 Million,2.69 Million,0.29 Million,11.18 Million
52,Grand Theft Auto IV,X360,2008,Action,Take-Two Interactive,6.76 Million,3.1 Million,0.14 Million,1.03 Million,11.02 Million
53,Gran Turismo,PS,1997,Racing,Sony Computer Entertainment,4.02 Million,3.87 Million,2.54 Million,0.52 Million,10.95 Million
54,Super Mario 3D Land,3DS,2011,Platform,Nintendo,4.89 Million,2.99 Million,2.13 Million,0.78 Million,10.79 Million
55,Gran Turismo 5,PS3,2010,Racing,Sony Computer Entertainment,2.96 Million,4.88 Million,0.81 Million,2.12 Million,10.77 Million
56,Call of Duty: Modern Warfare 2,PS3,2009,Shooter,Activision,4.99 Million,3.69 Million,0.38 Million,1.63 Million,10.69 Million
57,Grand Theft Auto IV,PS3,2008,Action,Take-Two Interactive,4.76 Million,3.76 Million,0.44 Million,1.62 Million,10.57 Million
58,Super Mario All-Stars,SNES,1993,Platform,Nintendo,5.99 Million,2.15 Million,2.12 Million,0.29 Million,10.55 Million
59,Pokemon FireRed/Pokemon LeafGreen,GBA,2004,Role-Playing,Nintendo,4.34 Million,2.65 Million,3.15 Million,0.35 Million,10.49 Million
60,Super Mario 64,DS,2004,Platform,Nintendo,5.08 Million,3.11 Million,1.25 Million,0.98 Million,10.42 Million
61,Just Dance 3,Wii,2011,Misc,Ubisoft,6.05 Million,3.15 Million,0.0 Million,1.07 Million,10.26 Million
62,Call of Duty: Ghosts,X360,2013,Shooter,Activision,6.72 Million,2.63 Million,0.04 Million,0.82 Million,10.21 Million
63,Halo: Reach,X360,2010,Shooter,Microsoft Game Studios,7.03 Million,1.98 Million,0.08 Million,0.78 Million,9.88 Million
64,Mario Kart 64,N64,1996,Racing,Nintendo,5.55 Million,1.94 Million,2.23 Million,0.15 Million,9.87 Million
65,New Super Mario Bros. 2,3DS,2012,Platform,Nintendo,3.66 Million,3.07 Million,2.47 Million,0.63 Million,9.82 Million
66,Halo 4,X360,2012,Shooter,Microsoft Game Studios,6.63 Million,2.36 Million,0.04 Million,0.73 Million,9.76 Million
67,Final Fantasy VII,PS,1997,Role-Playing,Sony Computer Entertainment,3.01 Million,2.47 Million,3.28 Million,0.96 Million,9.72 Million
68,Call of Duty: Ghosts,PS3,2013,Shooter,Activision,4.09 Million,3.73 Million,0.38 Million,1.38 Million,9.59 Million
69,Just Dance 2,Wii,2010,Misc,Ubisoft,5.84 Million,2.89 Million,0.01 Million,0.78 Million,9.52 Million
70,Gran Turismo 2,PS,1999,Racing,Sony Computer Entertainment,3.88 Million,3.42 Million,1.69 Million,0.5 Million,9.49 Million
71,Call of Duty 4: Modern Warfare,X360,2007,Shooter,Activision,5.91 Million,2.38 Million,0.13 Million,0.9 Million,9.32 Million
72,Donkey Kong Country,SNES,1994,Platform,Nintendo,4.36 Million,1.71 Million,3.0 Million,0.23 Million,9.3 Million
73,Minecraft,X360,2013,Misc,Microsoft Game Studios,5.58 Million,2.83 Million,0.02 Million,0.77 Million,9.2 Million
74,Animal Crossing: New Leaf,3DS,2012,Simulation,Nintendo,2.01 Million,2.32 Million,4.36 Million,0.41 Million,9.09 Million
75,Mario Party DS,DS,2007,Misc,Nintendo,4.46 Million,1.88 Million,1.98 Million,0.7 Million,9.02 Million
76,The Elder Scrolls V: Skyrim,X360,2011,Role-Playing,Bethesda Softworks,5.03 Million,2.86 Million,0.1 Million,0.85 Million,8.84 Million
77,Super Mario Kart,SNES,1992,Racing,Nintendo,3.54 Million,1.24 Million,3.81 Million,0.18 Million,8.76 Million
78,FIFA 16,PS4,2015,Sports,Electronic Arts,1.11 Million,6.06 Million,0.06 Million,1.26 Million,8.49 Million
79,Wii Party,Wii,2010,Misc,Nintendo,1.79 Million,3.53 Million,2.49 Million,0.68 Million,8.49 Million
80,Halo 2,XB,2004,Shooter,Microsoft Game Studios,6.82 Million,1.53 Million,0.05 Million,0.08 Million,8.49 Million
81,Mario Party 8,Wii,2007,Misc,Nintendo,3.81 Million,2.3 Million,1.58 Million,0.73 Million,8.42 Million
82,Pokemon Black 2/Pokemon White 2,DS,2012,Role-Playing,Nintendo,2.91 Million,1.86 Million,3.14 Million,0.43 Million,8.33 Million
83,FIFA Soccer 13,PS3,2012,Action,Electronic Arts,1.06 Million,5.05 Million,0.13 Million,2.01 Million,8.24 Million
84,The Sims 3,PC,2009,Simulation,Electronic Arts,0.98 Million,6.42 Million,0.0 Million,0.71 Million,8.11 Million
85,GoldenEye 007,N64,1997,Shooter,Nintendo,5.8 Million,2.01 Million,0.13 Million,0.15 Million,8.09 Million
86,Mario & Sonic at the Olympic Games,Wii,2007,Sports,Sega,2.58 Million,3.9 Million,0.66 Million,0.91 Million,8.06 Million
87,Final Fantasy X,PS2,2001,Role-Playing,Sony Computer Entertainment,2.91 Million,2.07 Million,2.73 Million,0.33 Million,8.05 Million
88,Final Fantasy VIII,PS,1999,Role-Playing,SquareSoft,2.28 Million,1.72 Million,3.63 Million,0.23 Million,7.86 Million
89,Pokémon Platinum Version,DS,2008,Role-Playing,Nintendo,2.82 Million,1.78 Million,2.69 Million,0.55 Million,7.84 Million
90,Pac-Man,2600,1982,Puzzle,Atari,7.28 Million,0.45 Million,0.0 Million,0.08 Million,7.81 Million
91,Grand Theft Auto: Liberty City Stories,PSP,2005,Action,Take-Two Interactive,2.9 Million,2.83 Million,0.24 Million,1.75 Million,7.72 Million
92,Super Mario Galaxy 2,Wii,2010,Platform,Nintendo,3.66 Million,2.42 Million,0.98 Million,0.64 Million,7.69 Million
93,Star Wars Battlefront (2015),PS4,2015,Shooter,Electronic Arts,2.93 Million,3.29 Million,0.22 Million,1.23 Million,7.67 Million
94,Call of Duty: Advanced Warfare,PS4,2014,Shooter,Activision,2.8 Million,3.3 Million,0.14 Million,1.37 Million,7.6 Million
95,The Legend of Zelda: Ocarina of Time,N64,1998,Action,Nintendo,4.1 Million,1.89 Million,1.45 Million,0.16 Million,7.6 Million
96,Crash Bandicoot 2: Cortex Strikes Back,PS,1997,Platform,Sony Computer Entertainment,3.78 Million,2.17 Million,1.31 Million,0.31 Million,7.58 Million
97,Super Mario Bros. 2,NES,1988,Platform,Nintendo,5.39 Million,1.18 Million,0.7 Million,0.19 Million,7.46 Million
98,Super Smash Bros. for Wii U and 3DS,3DS,2014,Fighting,Nintendo,3.24 Million,1.35 Million,2.42 Million,0.43 Million,7.45 Million
99,Call of Duty: World at War,X360,2008,Shooter,Activision,4.79 Million,1.9 Million,0.0 Million,0.69 Million,7.37 Million
100,Battlefield 3,X360,2011,Shooter,Electronic Arts,4.46 Million,2.13 Million,0.06 Million,0.69 Million,7.34 Million
101,The Legend of Zelda: Twilight Princess,Wii,2006,Action,Nintendo,3.83 Million,2.19 Million,0.6 Million,0.7 Million,7.31 Million
102,Call of Duty: Black Ops 3,XOne,2015,Shooter,Activision,4.52 Million,2.09 Million,0.01 Million,0.67 Million,7.3 Million
103,Just Dance,Wii,2009,Misc,Ubisoft,3.51 Million,3.03 Million,0.0 Million,0.73 Million,7.27 Million
104,Battlefield 3,PS3,2011,Shooter,Electronic Arts,2.85 Million,2.93 Million,0.35 Million,1.1 Million,7.23 Million
105,Need for Speed Underground,PS2,2003,Racing,Electronic Arts,3.27 Million,2.83 Million,0.08 Million,1.02 Million,7.2 Million
106,Tekken 3,PS,1998,Fighting,Sony Computer Entertainment,3.27 Million,2.22 Million,1.4 Million,0.29 Million,7.16 Million
107,Crash Bandicoot 3: Warped,PS,1998,Platform,Sony Computer Entertainment,3.68 Million,1.75 Million,1.42 Million,0.28 Million,7.13 Million
108,Super Smash Bros. Melee,GC,2001,Fighting,Nintendo,4.41 Million,1.04 Million,1.39 Million,0.22 Million,7.07 Million
109,Mario Kart 8,WiiU,2014,Racing,Nintendo,3.13 Million,2.07 Million,1.27 Million,0.49 Million,6.96 Million
110,Fallout 4,PS4,2015,Role-Playing,Bethesda Softworks,2.47 Million,3.15 Million,0.24 Million,1.1 Million,6.96 Million
111,Mario Kart: Double Dash!!,GC,2003,Racing,Nintendo,4.12 Million,1.77 Million,0.87 Million,0.19 Million,6.95 Million
112,Just Dance 4,Wii,2012,Misc,Ubisoft,4.14 Million,2.21 Million,0.0 Million,0.56 Million,6.91 Million
113,FIFA 14,PS3,2013,Sports,Electronic Arts,0.78 Million,4.32 Million,0.07 Million,1.73 Million,6.9 Million
114,Need for Speed Underground 2,PS2,2004,Racing,Electronic Arts,2.71 Million,3.02 Million,0.08 Million,1.09 Million,6.9 Million
115,Medal of Honor: Frontline,PS2,2002,Shooter,Electronic Arts,2.93 Million,2.75 Million,0.17 Million,0.99 Million,6.83 Million
116,Uncharted 3: Drake's Deception,PS3,2011,Action,Sony Computer Entertainment,2.77 Million,2.8 Million,0.19 Million,1.06 Million,6.83 Million
117,Crash Bandicoot,PS,1996,Platform,Sony Computer Entertainment,3.23 Million,2.35 Million,0.94 Million,0.3 Million,6.82 Million
118,Zumba Fitness,Wii,2010,Sports,505 Games,3.5 Million,2.64 Million,0.0 Million,0.67 Million,6.81 Million
119,Gears of War 2,X360,2008,Shooter,Microsoft Game Studios,4.15 Million,1.92 Million,0.06 Million,0.64 Million,6.76 Million
120,Uncharted 2: Among Thieves,PS3,2009,Action,Sony Computer Entertainment,3.27 Million,2.25 Million,0.21 Million,1.0 Million,6.73 Million
121,Call of Duty 4: Modern Warfare,PS3,2007,Shooter,Activision,3.1 Million,2.3 Million,0.28 Million,1.04 Million,6.72 Million
122,FIFA 12,PS3,2011,Sports,Electronic Arts,0.84 Million,4.32 Million,0.11 Million,1.42 Million,6.69 Million
123,Big Brain Academy,DS,2005,Misc,Nintendo,1.67 Million,2.78 Million,1.6 Million,0.62 Million,6.67 Million
124,Red Dead Redemption,PS3,2010,Action,Take-Two Interactive,2.79 Million,2.61 Million,0.17 Million,1.03 Million,6.6 Million
125,FIFA 15,PS4,2014,Sports,Electronic Arts,0.79 Million,4.29 Million,0.05 Million,1.47 Million,6.59 Million
126,Donkey Kong Country Returns,Wii,2010,Platform,Nintendo,3.25 Million,1.84 Million,1.03 Million,0.47 Million,6.59 Million
127,The Elder Scrolls V: Skyrim,PS3,2011,Role-Playing,Bethesda Softworks,2.55 Million,2.71 Million,0.25 Million,1.05 Million,6.56 Million
128,The Legend of Zelda,NES,1986,Action,Nintendo,3.74 Million,0.93 Million,1.69 Million,0.14 Million,6.51 Million
129,Assassin's Creed III,PS3,2012,Action,Ubisoft,2.64 Million,2.56 Million,0.16 Million,1.14 Million,6.5 Million
130,Halo: Combat Evolved,XB,2001,Shooter,Microsoft Game Studios,4.98 Million,1.3 Million,0.08 Million,0.07 Million,6.43 Million
131,Pokémon Emerald Version,GBA,2004,Role-Playing,Nintendo,2.57 Million,1.58 Million,2.06 Million,0.21 Million,6.41 Million
132,Kingdom Hearts,PS2,2002,Role-Playing,Sony Computer Entertainment,3.64 Million,1.2 Million,1.49 Million,0.07 Million,6.4 Million
133,Pokémon Crystal Version,GB,2000,Role-Playing,Nintendo,2.55 Million,1.56 Million,1.29 Million,0.99 Million,6.39 Million
134,Halo 3: ODST,X360,2009,Shooter,Microsoft Game Studios,4.34 Million,1.35 Million,0.06 Million,0.61 Million,6.36 Million
135,Red Dead Redemption,X360,2010,Action,Take-Two Interactive,3.7 Million,1.97 Million,0.09 Million,0.57 Million,6.34 Million
136,Super Mario Sunshine,GC,2002,Platform,Nintendo,4.01 Million,1.26 Million,0.87 Million,0.17 Million,6.31 Million
137,Street Fighter II: The World Warrior,SNES,1992,Fighting,Capcom,2.47 Million,0.83 Million,2.87 Million,0.12 Million,6.3 Million
138,World of Warcraft,PC,2004,Role-Playing,Activision,0.07 Million,6.21 Million,0.0 Million,0.0 Million,6.28 Million
139,Driver,PS,1999,Action,GT Interactive,3.11 Million,2.8 Million,0.02 Million,0.33 Million,6.27 Million
140,Kinect Sports,X360,2010,Sports,Microsoft Game Studios,3.92 Million,1.78 Million,0.03 Million,0.51 Million,6.24 Million
141,Gears of War 3,X360,2011,Shooter,Microsoft Game Studios,4.05 Million,1.62 Million,0.07 Million,0.49 Million,6.24 Million
142,Gears of War,X360,2006,Shooter,Microsoft Game Studios,3.54 Million,1.9 Million,0.07 Million,0.6 Million,6.11 Million
143,Metal Gear Solid 2: Sons of Liberty,PS2,2001,Action,Konami Digital Entertainment,2.45 Million,2.01 Million,0.87 Million,0.72 Million,6.05 Million
144,Sonic the Hedgehog 2,GEN,1992,Platform,Sega,4.47 Million,1.2 Million,0.16 Million,0.19 Million,6.03 Million
145,Metal Gear Solid 4: Guns of the Patriots,PS3,2008,Action,Konami Digital Entertainment,2.63 Million,1.74 Million,0.83 Million,0.83 Million,6.03 Million
146,Metal Gear Solid,PS,1998,Action,Konami Digital Entertainment,3.18 Million,1.83 Million,0.78 Million,0.24 Million,6.03 Million
147,The Last of Us,PS3,2013,Action,Sony Computer Entertainment Europe,2.41 Million,2.28 Million,0.28 Million,1.01 Million,5.99 Million
148,Final Fantasy XII,PS2,2006,Role-Playing,Square Enix,1.88 Million,0.0 Million,2.33 Million,1.74 Million,5.95 Million
149,LittleBigPlanet,PS3,2008,Platform,Sony Computer Entertainment,2.8 Million,2.05 Million,0.17 Million,0.9 Million,5.92 Million
150,Dragon Quest IX: Sentinels of the Starry Skies,DS,2009,Role-Playing,Nintendo,0.66 Million,0.69 Million,4.35 Million,0.15 Million,5.84 Million
151,LEGO Star Wars: The Complete Saga,Wii,2007,Action,LucasArts,3.66 Million,1.63 Million,0.0 Million,0.53 Million,5.83 Million
152,Resident Evil 2,PS,1998,Action,Virgin Interactive,1.88 Million,1.47 Million,2.02 Million,0.45 Million,5.82 Million
153,Tekken 2,PS,1996,Fighting,Sony Computer Entertainment,2.26 Million,1.89 Million,1.36 Million,0.23 Million,5.74 Million
154,Cooking Mama,DS,2006,Simulation,505 Games,3.13 Million,1.94 Million,0.07 Million,0.58 Million,5.72 Million
155,Destiny,PS4,2014,Shooter,Activision,2.49 Million,2.05 Million,0.16 Million,0.96 Million,5.65 Million
156,Tetris,NES,1988,Puzzle,Nintendo,2.97 Million,0.69 Million,1.81 Million,0.11 Million,5.58 Million
157,Assassin's Creed II,PS3,2009,Action,Ubisoft,2.54 Million,1.95 Million,0.21 Million,0.87 Million,5.57 Million
158,Super Smash Bros.,N64,1999,Fighting,Nintendo,2.95 Million,0.6 Million,1.97 Million,0.04 Million,5.55 Million
159,Assassin's Creed,X360,2007,Adventure,Ubisoft,3.28 Million,1.65 Million,0.07 Million,0.55 Million,5.55 Million
160,Batman: Arkham City,PS3,2011,Action,Warner Bros. Interactive Entertainment,2.7 Million,1.91 Million,0.11 Million,0.8 Million,5.53 Million
161,Forza Motorsport 3,X360,2009,Racing,Microsoft Game Studios,2.99 Million,1.92 Million,0.1 Million,0.51 Million,5.51 Million
162,Monster Hunter Freedom Unite,PSP,2008,Role-Playing,Capcom,0.47 Million,0.57 Million,4.13 Million,0.34 Million,5.5 Million
163,Super Mario Advance,GBA,2001,Platform,Nintendo,3.14 Million,1.24 Million,0.91 Million,0.2 Million,5.49 Million
164,Mario Kart: Super Circuit,GBA,2001,Racing,Nintendo,2.62 Million,1.64 Million,0.99 Million,0.23 Million,5.47 Million
165,Super Mario World,GBA,2001,Platform,Nintendo,3.21 Million,1.11 Million,0.95 Million,0.2 Million,5.46 Million
166,Pokemon Stadium,N64,1999,Strategy,Nintendo,3.18 Million,1.24 Million,0.94 Million,0.09 Million,5.45 Million
167,Call of Duty: World at War,PS3,2008,Shooter,Activision,2.72 Million,1.87 Million,0.0 Million,0.84 Million,5.43 Million
168,Crash Bandicoot: The Wrath of Cortex,PS2,2001,Platform,Universal Interactive,2.07 Million,2.29 Million,0.24 Million,0.82 Million,5.42 Million
169,Minecraft,PS3,2014,Misc,Sony Computer Entertainment,1.97 Million,2.51 Million,0.0 Million,0.94 Million,5.42 Million
170,Final Fantasy XIII,PS3,2009,Role-Playing,Square Enix,1.74 Million,1.24 Million,1.87 Million,0.52 Million,5.36 Million
171,Dr. Mario,GB,1989,Puzzle,Nintendo,2.18 Million,0.96 Million,2.0 Million,0.2 Million,5.34 Million
172,Pokemon Pinball,GB,1999,Misc,Nintendo,3.02 Million,1.12 Million,1.01 Million,0.16 Million,5.31 Million
173,Assassin's Creed III,X360,2012,Action,Ubisoft,3.13 Million,1.71 Million,0.03 Million,0.44 Million,5.3 Million
174,Final Fantasy IX,PS,2000,Role-Playing,SquareSoft,1.62 Million,0.77 Million,2.78 Million,0.14 Million,5.3 Million
175,Final Fantasy X-2,PS2,2003,Role-Playing,Electronic Arts,1.92 Million,1.08 Million,2.11 Million,0.17 Million,5.29 Million
176,Donkey Kong 64,N64,1999,Platform,Nintendo,3.33 Million,0.79 Million,1.09 Million,0.06 Million,5.27 Million
177,Assassin's Creed II,X360,2009,Action,Ubisoft,3.1 Million,1.56 Million,0.08 Million,0.51 Million,5.27 Million
178,Professor Layton and the Curious Village,DS,2007,Puzzle,Nintendo,1.22 Million,2.48 Million,1.03 Million,0.52 Million,5.26 Million
179,Tomb Raider II,PS,1997,Action,Eidos Interactive,2.3 Million,2.46 Million,0.2 Million,0.28 Million,5.24 Million
180,Madden NFL 2004,PS2,2003,Sports,Electronic Arts,4.26 Million,0.26 Million,0.01 Million,0.71 Million,5.23 Million
181,Dragon Quest VIII: Journey of the Cursed King,PS2,2004,Role-Playing,Square Enix,0.65 Million,0.75 Million,3.61 Million,0.2 Million,5.21 Million
182,Diablo III,PC,2012,Role-Playing,Activision,2.43 Million,2.15 Million,0.0 Million,0.62 Million,5.2 Million
183,Super Mario Bros. 3,GBA,2003,Platform,Nintendo,2.93 Million,1.25 Million,0.83 Million,0.2 Million,5.2 Million
184,New Super Mario Bros. U,WiiU,2012,Platform,Nintendo,2.32 Million,1.3 Million,1.27 Million,0.31 Million,5.19 Million
185,Super Mario Land 3: Wario Land,GB,1994,Platform,Nintendo,2.49 Million,0.98 Million,1.57 Million,0.15 Million,5.19 Million
186,FIFA Soccer 13,X360,2012,Action,Electronic Arts,1.08 Million,3.48 Million,0.03 Million,0.58 Million,5.18 Million
187,The Legend of Zelda: Phantom Hourglass,DS,2007,Action,Nintendo,1.9 Million,1.83 Million,0.95 Million,0.49 Million,5.17 Million
188,Donkey Kong Country 2: Diddy's Kong Quest,SNES,1995,Platform,Nintendo,2.1 Million,0.74 Million,2.2 Million,0.11 Million,5.15 Million
189,Tomodachi Life,3DS,2013,Simulation,Nintendo,0.96 Million,2.02 Million,1.89 Million,0.28 Million,5.15 Million
190,Mario & Sonic at the Olympic Games,DS,2008,Sports,Sega,1.64 Million,2.48 Million,0.44 Million,0.58 Million,5.14 Million
191,Medal of Honor: Rising Sun,PS2,2003,Shooter,Electronic Arts,1.98 Million,2.23 Million,0.13 Million,0.8 Million,5.13 Million
192,Kirby's Dream Land,GB,1992,Platform,Nintendo,2.71 Million,0.61 Million,1.7 Million,0.11 Million,5.13 Million
193,Fable III,X360,2010,Role-Playing,Microsoft Game Studios,3.59 Million,1.11 Million,0.05 Million,0.38 Million,5.13 Million
194,Call of Duty: Advanced Warfare,XOne,2014,Shooter,Activision,3.21 Million,1.53 Million,0.01 Million,0.38 Million,5.13 Million
195,Microsoft Flight Simulator,PC,1996,Simulation,Microsoft Game Studios,3.22 Million,1.69 Million,0.0 Million,0.2 Million,5.12 Million
196,Guitar Hero II,PS2,2006,Misc,RedOctane,3.81 Million,0.63 Million,0.0 Million,0.68 Million,5.12 Million
197,Resident Evil 5,PS3,2009,Action,Capcom,1.96 Million,1.43 Million,1.08 Million,0.65 Million,5.11 Million
198,Grand Theft Auto V,XOne,2014,Action,Take-Two Interactive,2.66 Million,2.01 Million,0.0 Million,0.41 Million,5.08 Million
199,Grand Theft Auto: Vice City Stories,PSP,2006,Action,Take-Two Interactive,1.7 Million,2.02 Million,0.16 Million,1.21 Million,5.08 Million
200,FIFA Soccer 11,PS3,2010,Sports,Electronic Arts,0.6 Million,3.29 Million,0.06 Million,1.13 Million,5.08 Million
